{"pontos":[],"retas":[],"circulos":[{"nome":"circulo1","centro":[0.48365122,0.47368422],"raio":0.386921,"cor":[0,0,0],"esp":5}],"triangulos":[{"nome":"triangulo1","pontos":[[0.47820163,0.09551657],[0.11035422,0.84210527],[0.8746594,0.8440546]],"cor":[0,0,0],"esp":5}],"retangulos":[{"nome":"retangulo1","pontos":[[0.108991824,0.08576998],[0.873297,0.8460039]],"cor":[0,0,0],"esp":5}],"poligonos":[{"nome":"poligono1","pontos":[[0.38283378,0.42300195],[0.34741145,0.4834308],[0.33651227,0.60038984],[0.39645776,0.72124755],[0.53405994,0.7816764],[0.65803814,0.76023394],[0.67302454,0.6354776],[0.633515,0.4834308],[0.5408719,0.4288499],[0.46321526,0.44249514],[0.41416892,0.5282651],[0.45231608,0.6354776],[0.5504087,0.6744639],[0.61580384,0.6296296],[0.59536785,0.5224171],[0.5258856,0.50877196],[0.48637602,0.5497076],[0.51226157,0.6159844],[0.5871935,0.6042885],[0.5572207,0.5594542],[0.5463215,0.5633528]],"cor":[0,0,0],"esp":5}]}